temp_night,wind_speed,humidity,crop_type_code,cold_tolerance,frost_probability,frost_risk
-0.51,1.85,40.9,3,-5,0.3551,0
11.01,5.42,39.8,1,0,0.0009,0
6.64,8.73,92.5,5,-3,0.0311,0
3.97,7.32,40.0,3,-5,0.0378,0
-4.88,8.07,41.8,2,-2,0.3765,0
-4.88,6.59,80.8,3,-5,0.8372,1
-6.84,6.92,56.0,3,-5,0.8359,1
9.32,8.49,82.1,2,-2,0.0064,0
4.02,2.5,25.2,4,-7,0.0775,0
6.16,4.89,59.0,4,-7,0.0643,0
-7.59,2.21,22.7,1,0,0.5952,1
11.4,9.88,25.0,1,0,0.0003,0
8.65,9.44,92.5,4,-7,0.0339,0
-3.75,0.39,31.1,5,-3,0.5311,1
-4.36,7.06,62.6,3,-5,0.6927,1
-4.33,9.25,52.9,5,-3,0.421,0
-1.92,1.81,47.8,3,-5,0.545,1
2.5,5.68,92.0,4,-7,0.4153,0
0.64,9.15,21.7,1,0,0.0184,0
-2.18,0.34,73.1,1,0,0.5035,1
4.24,6.97,97.1,5,-3,0.1112,0
-5.21,2.97,64.8,1,0,0.6416,1
-2.16,9.24,94.9,4,-7,0.7455,1
-0.67,9.71,24.2,5,-3,0.0622,0
1.12,9.44,53.5,3,-5,0.1183,0
7.7,4.74,40.8,1,0,0.0038,0
-4.01,8.62,78.5,2,-2,0.5414,1
2.28,8.45,98.5,1,0,0.0976,0
3.85,3.19,40.5,3,-5,0.0722,0
-7.07,8.29,72.3,5,-3,0.8181,1
4.15,0.37,35.8,3,-5,0.0838,0
-4.59,5.96,65.2,2,-2,0.5982,1
-6.7,2.3,57.1,4,-7,0.9426,1
10.98,1.21,97.8,1,0,0.0096,0
11.31,0.77,68.7,5,-3,0.0079,0
8.17,6.96,48.0,4,-7,0.016,0
-1.91,3.4,29.1,3,-5,0.3491,0
-6.05,7.25,32.1,5,-3,0.5114,1
5.68,0.65,38.0,4,-7,0.0773,0
0.8,3.15,40.1,5,-3,0.1371,0
-5.56,5.39,88.0,2,-2,0.8257,1
1.9,7.91,64.9,2,-2,0.0759,0
-7.31,3.19,61.9,1,0,0.7863,1
10.19,6.26,29.2,1,0,0.0008,0
-2.82,8.86,88.8,2,-2,0.4908,0
5.25,6.16,77.8,5,-3,0.0502,0
-1.77,2.33,25.4,2,-2,0.2011,0
2.4,0.24,76.6,1,0,0.1547,0
2.93,8.7,63.5,2,-2,0.0443,0
-4.3,0.21,26.5,2,-2,0.4959,0
11.39,8.75,56.7,5,-3,0.0016,0
7.5,5.29,58.8,4,-7,0.0363,0
10.79,9.39,33.3,1,0,0.0004,0
9.9,7.99,95.7,5,-3,0.0106,0
3.96,9.98,88.0,2,-2,0.0502,0
10.44,3.51,73.5,2,-2,0.0067,0
-6.23,7.67,57.0,4,-7,0.8583,1
-4.08,4.02,52.9,1,0,0.4052,0
-7.1,4.8,72.1,1,0,0.783,1
-1.49,6.28,63.6,3,-5,0.4531,0
-0.23,8.74,25.0,1,0,0.0302,0
-2.57,9.84,61.0,4,-7,0.533,1
8.57,7.68,84.5,3,-5,0.022,0
-0.86,4.18,56.7,3,-5,0.4178,0
-2.38,4.21,24.2,2,-2,0.1895,0
2.85,7.38,82.9,2,-2,0.0945,0
-5.18,2.39,36.1,1,0,0.4493,0
8.04,1.1,40.7,3,-5,0.0196,0
-6.51,3.55,33.2,2,-2,0.6382,1
11.74,2.87,46.4,4,-7,0.0068,0
7.44,2.96,80.5,2,-2,0.0292,0
-4.03,2.34,61.6,2,-2,0.6477,1
-7.89,0.42,36.4,3,-5,0.9195,1
8.31,0.18,90.2,3,-5,0.0836,0
6.14,9.88,90.4,5,-3,0.03,0
6.58,4.28,89.6,4,-7,0.1375,0
7.43,3.84,39.1,3,-5,0.0159,0
-6.52,6.8,56.1,1,0,0.5673,1
-0.83,2.18,98.8,4,-7,0.848,1
-5.68,9.5,81.8,4,-7,0.886,1
9.26,7.86,22.2,3,-5,0.0026,0
4.47,0.89,25.2,4,-7,0.082,0
-1.38,4.18,57.1,3,-5,0.472,0
-6.73,8.79,92.7,2,-2,0.8395,1
-1.78,9.45,63.1,5,-3,0.2568,0
-1.5,4.67,59.8,2,-2,0.3086,0
6.59,6.13,28.4,3,-5,0.0115,0
4.75,1.67,72.5,3,-5,0.1512,0
9.74,9.91,85.8,2,-2,0.0049,0
1.44,2.32,50.4,1,0,0.0823,0
-5.61,9.43,82.0,1,0,0.5719,1
6.26,6.5,97.2,1,0,0.0276,0
7.22,6.08,36.3,3,-5,0.0114,0
3.23,5.13,61.9,4,-7,0.1893,0
7.42,2.31,43.0,3,-5,0.0224,0
1.88,1.77,83.4,4,-7,0.5584,1
2.45,2.2,66.2,2,-2,0.139,0
0.55,1.86,70.8,5,-3,0.3486,0
-7.49,7.8,83.8,4,-7,0.9565,1
-5.84,3.5,51.7,1,0,0.5895,1
-7.37,0.58,93.2,3,-5,0.9803,1
4.73,9.69,62.6,2,-2,0.0186,0
-1.71,8.84,32.6,1,0,0.0651,0
2.17,9.28,75.7,2,-2,0.0766,0
10.15,9.95,83.5,5,-3,0.005,0
-3.01,1.74,45.3,3,-5,0.6346,1
0.21,3.96,88.6,3,-5,0.5572,1
7.11,7.58,92.5,5,-3,0.0306,0
-3.42,6.96,42.2,3,-5,0.4601,0
-6.46,1.54,98.7,4,-7,0.9831,1
-2.2,8.16,31.3,2,-2,0.1295,0
-4.78,2.24,36.2,1,0,0.4163,0
10.59,2.24,34.7,5,-3,0.0031,0
8.16,5.37,91.5,4,-7,0.0708,0
4.67,5.93,72.3,1,0,0.0269,0
9.43,5.8,32.2,1,0,0.0013,0
8.07,0.91,55.2,5,-3,0.0187,0
-4.27,8.77,69.2,4,-7,0.7718,1
9.85,2.66,26.7,1,0,0.0014,0
2.79,1.3,90.6,1,0,0.169,0
8.15,8.89,84.3,4,-7,0.0351,0
9.92,9.56,60.4,3,-5,0.0048,0
-1.64,8.62,97.4,1,0,0.3285,0
-5.8,8.1,53.4,2,-2,0.5516,1
-3.44,6.55,98.7,4,-7,0.8913,1
0.54,5.51,73.4,1,0,0.137,0
8.36,0.87,70.8,5,-3,0.0266,0
9.21,4.08,33.3,2,-2,0.003,0
-7.86,3.73,90.6,1,0,0.9091,1
2.21,2.6,54.2,2,-2,0.1045,0
0.35,7.23,33.0,2,-2,0.061,0
-3.56,4.96,21.0,3,-5,0.3917,0
-5.6,0.81,64.8,2,-2,0.8267,1
-1.25,2.2,62.2,3,-5,0.571,1
10.86,6.83,77.5,4,-7,0.0135,0
-1.54,0.76,91.2,3,-5,0.8158,1
2.38,8.51,26.4,5,-3,0.0244,0
6.06,4.95,78.5,1,0,0.0216,0
-0.73,4.81,35.0,4,-7,0.3476,0
11.44,5.92,88.7,4,-7,0.0171,0
11.25,8.25,85.5,5,-3,0.0044,0
-2.96,3.48,63.3,3,-5,0.6923,1
1.94,6.78,76.8,1,0,0.0766,0
-1.98,5.66,45.1,3,-5,0.3884,0
-2.3,2.67,57.7,2,-2,0.4379,0
-7.26,8.79,85.7,3,-5,0.9173,1
4.19,7.97,56.7,4,-7,0.0816,0
2.05,6.58,48.6,1,0,0.0339,0
-6.97,8.51,59.5,3,-5,0.8244,1
-2.43,8.67,86.3,1,0,0.3231,0
10.17,7.08,46.8,1,0,0.0012,0
-3.21,8.37,33.9,2,-2,0.1893,0
-5.1,6.97,77.0,2,-2,0.6909,1
1.79,6.8,86.1,4,-7,0.4006,0
11.71,6.19,28.1,5,-3,0.0009,0
-3.16,7.53,39.2,1,0,0.1558,0
5.44,1.59,31.4,5,-3,0.0236,0
7.23,8.81,47.8,4,-7,0.0175,0
-3.25,8.72,56.0,1,0,0.2095,0
6.56,0.29,79.9,1,0,0.0366,0
-0.64,8.26,72.1,5,-3,0.2554,0
4.65,1.29,69.7,3,-5,0.1528,0
4.67,3.35,48.2,2,-2,0.0315,0
2.72,7.44,87.3,3,-5,0.2083,0
-6.19,1.61,57.7,5,-3,0.8475,1
8.71,8.18,98.3,2,-2,0.0139,0
-1.58,8.32,70.7,3,-5,0.4391,0
-4.27,5.07,30.1,2,-2,0.3431,0
-7.18,0.06,74.1,1,0,0.8895,1
3.82,2.87,46.0,3,-5,0.0888,0
5.55,6.17,74.9,2,-2,0.0323,0
-7.67,9.81,25.6,2,-2,0.4662,0
2.24,6.32,34.0,2,-2,0.0348,0
-3.47,2.6,88.5,3,-5,0.8702,1
4.9,6.34,38.2,4,-7,0.0468,0
-4.51,5.4,87.0,3,-5,0.8646,1
5.82,7.8,42.3,5,-3,0.0112,0
-0.27,1.07,71.4,3,-5,0.5841,1
10.73,7.61,75.5,2,-2,0.0034,0
-5.25,5.41,61.0,1,0,0.5296,1
-1.18,9.63,44.4,3,-5,0.1993,0
-5.73,3.42,37.0,3,-5,0.7575,1
10.49,6.33,22.7,2,-2,0.0009,0
9.55,9.32,44.3,1,0,0.001,0
-2.84,1.03,72.3,1,0,0.5376,1
5.2,9.37,95.1,5,-3,0.053,0
8.34,6.88,89.7,3,-5,0.0315,0
3.1,0.68,81.3,1,0,0.1298,0
2.59,3.01,83.1,1,0,0.1198,0
-3.16,7.08,73.2,4,-7,0.7591,1
-6.14,0.67,40.8,4,-7,0.9113,1
9.94,5.82,92.6,1,0,0.0062,0
10.01,3.46,73.7,5,-3,0.0103,0
4.66,6.21,64.8,1,0,0.0208,0
-1.22,0.46,28.9,2,-2,0.229,0
-1.02,8.72,55.8,3,-5,0.2737,0
6.52,9.73,56.8,5,-3,0.0098,0
9.94,9.69,89.2,2,-2,0.0052,0
9.74,7.5,63.7,5,-3,0.0047,0
7.6,1.3,50.4,2,-2,0.0144,0
4.84,7.58,98.1,3,-5,0.1324,0
-6.32,0.25,28.9,3,-5,0.8331,1
-4.77,0.22,53.8,4,-7,0.9037,1
9.97,3.24,23.4,2,-2,0.0019,0
4.13,4.89,79.2,4,-7,0.2211,0
-7.82,7.7,93.4,2,-2,0.9068,1
-5.97,6.83,42.4,4,-7,0.7999,1
5.27,4.46,88.7,3,-5,0.134,0
-7.9,2.74,43.4,5,-3,0.8583,1
-4.78,9.97,92.9,4,-7,0.8758,1
2.97,4.26,80.3,2,-2,0.1281,0
5.84,4.51,84.4,2,-2,0.0483,0
5.04,1.64,21.4,3,-5,0.0332,0
-3.51,7.95,97.0,2,-2,0.6506,1
6.24,6.94,78.1,1,0,0.0149,0
-3.26,2.21,44.4,5,-3,0.5136,1
-1.49,0.82,86.4,4,-7,0.86,1
6.93,6.8,42.5,5,-3,0.0084,0
4.99,6.55,89.8,3,-5,0.1156,0
8.98,2.73,29.0,4,-7,0.0124,0
5.15,9.51,76.3,4,-7,0.0796,0
3.37,1.51,63.3,1,0,0.0644,0
-6.13,4.32,27.7,3,-5,0.7079,1
-0.65,9.44,39.4,2,-2,0.0777,0
-2.7,4.2,21.0,1,0,0.1279,0
-3.12,6.39,57.5,1,0,0.2718,0
11.46,3.98,44.1,5,-3,0.0022,0
-0.14,2.74,67.9,5,-3,0.3617,0
9.84,9.84,43.8,5,-3,0.0017,0
4.62,4.09,44.0,1,0,0.0157,0
7.9,8.94,79.5,2,-2,0.0098,0
2.05,2.3,23.9,4,-7,0.1547,0
3.54,2.13,92.2,5,-3,0.228,0
1.85,0.31,88.2,2,-2,0.3451,0
-4.1,6.52,73.4,3,-5,0.7529,1
6.45,3.69,67.5,5,-3,0.0336,0
-2.38,8.64,91.4,4,-7,0.7591,1
-7.51,4.73,34.8,3,-5,0.8304,1
4.91,9.68,26.3,3,-5,0.0124,0
-4.46,1.86,39.2,4,-7,0.8071,1
10.81,8.69,83.6,5,-3,0.0046,0
11.08,7.77,22.8,1,0,0.0004,0
10.3,7.71,66.6,4,-7,0.0107,0
-0.6,8.45,99.6,4,-7,0.6705,1
-7.69,7.61,88.5,4,-7,0.9658,1
10.57,6.26,61.7,3,-5,0.0063,0
0.56,1.31,25.1,2,-2,0.1027,0
11.33,0.33,86.5,1,0,0.0068,0
11.27,9.21,67.9,5,-3,0.0022,0
9.06,6.17,29.2,5,-3,0.0027,0
-2.11,7.97,27.5,2,-2,0.1164,0
-0.3,4.82,92.8,4,-7,0.7173,1
9.02,1.17,73.5,1,0,0.0102,0
-1.66,1.25,86.3,5,-3,0.6933,1
-4.61,6.86,90.3,5,-3,0.7814,1
3.14,4.3,65.7,4,-7,0.2351,0
10.72,2.01,61.4,2,-2,0.0052,0
5.92,4.92,54.4,1,0,0.0113,0
3.4,0.64,45.4,2,-2,0.0695,0
-6.06,5.82,54.8,2,-2,0.6671,1
4.3,2.69,81.9,1,0,0.065,0
11.8,7.98,68.2,1,0,0.001,0
-5.2,3.1,91.4,5,-3,0.8916,1
2.37,4.55,55.5,5,-3,0.0984,0
9.55,0.12,68.6,1,0,0.0083,0
6.82,0.72,70.5,3,-5,0.0779,0
5.94,3.92,67.3,5,-3,0.0394,0
6.05,4.8,76.2,3,-5,0.0689,0
-0.81,6.0,39.0,1,0,0.0827,0
-2.13,2.92,61.0,5,-3,0.4985,0
8.19,6.95,28.3,2,-2,0.0025,0
8.2,8.6,50.8,1,0,0.0024,0
9.34,7.8,59.0,4,-7,0.0123,0
10.26,0.4,72.2,3,-5,0.023,0
2.23,4.81,96.0,1,0,0.1501,0
2.03,1.05,68.1,1,0,0.1271,0
7.97,2.42,79.5,5,-3,0.0318,0
5.0,9.87,60.5,5,-3,0.0195,0
6.04,1.42,70.7,5,-3,0.0596,0
7.92,4.99,25.7,4,-7,0.0122,0
9.8,6.18,40.4,5,-3,0.0028,0
-1.24,7.02,48.9,1,0,0.1101,0
-0.49,5.6,57.8,5,-3,0.2387,0
-6.12,0.1,23.7,2,-2,0.6557,1
3.57,3.26,31.2,5,-3,0.038,0
-7.28,5.18,42.1,4,-7,0.8955,1
1.31,0.88,97.7,2,-2,0.444,0
2.85,3.51,46.5,1,0,0.0366,0
-2.27,0.33,58.6,1,0,0.4053,0
3.82,0.79,35.7,3,-5,0.089,0
-7.39,3.97,68.9,2,-2,0.873,1
-7.25,1.33,42.5,3,-5,0.9025,1
8.45,5.68,36.6,2,-2,0.0036,0
-0.8,6.89,61.3,2,-2,0.2019,0
-5.46,8.01,20.4,4,-7,0.5853,1
2.44,2.0,20.6,3,-5,0.0826,0
7.4,1.67,37.5,4,-7,0.0344,0
-3.68,1.05,22.9,2,-2,0.3779,0
4.46,6.36,28.6,1,0,0.0075,0
-6.29,7.06,47.1,2,-2,0.5915,1
-6.97,0.32,84.2,4,-7,0.9823,1
2.63,9.36,65.8,3,-5,0.0969,0
2.81,0.52,61.0,3,-5,0.2456,0
4.75,5.41,43.5,4,-7,0.0656,0
6.52,7.09,94.5,3,-5,0.07,0
11.52,8.71,51.8,5,-3,0.0013,0
2.33,7.14,27.0,1,0,0.0149,0
-1.54,8.02,69.4,1,0,0.1817,0
7.9,3.39,29.1,1,0,0.003,0
-2.58,8.15,47.6,3,-5,0.3746,0
0.78,0.8,60.6,3,-5,0.41,0
-6.43,8.95,89.9,2,-2,0.8064,1
-7.49,5.48,59.5,2,-2,0.8114,1
11.25,8.17,76.2,1,0,0.0016,0
8.72,4.52,99.4,5,-3,0.0312,0
5.92,6.44,30.5,2,-2,0.0073,0
0.18,5.26,42.0,2,-2,0.109,0
-4.53,7.32,51.6,3,-5,0.6253,1
-4.87,0.82,53.7,5,-3,0.766,1
-3.0,0.6,52.9,1,0,0.4248,0
2.98,2.47,92.6,2,-2,0.2168,0
6.29,1.6,77.1,5,-3,0.0634,0
5.2,8.72,68.6,5,-3,0.0271,0
-2.4,2.19,44.7,1,0,0.2636,0
11.1,9.76,85.9,5,-3,0.0038,0
6.76,3.37,96.4,5,-3,0.0713,0
3.09,1.82,85.7,5,-3,0.2336,0
4.23,7.9,20.1,2,-2,0.0084,0
0.39,6.59,70.9,1,0,0.1174,0
-3.05,4.98,24.1,5,-3,0.2585,0
-0.88,5.55,40.6,5,-3,0.1806,0
7.16,7.19,24.8,2,-2,0.0033,0
-7.71,2.28,68.3,1,0,0.857,1
-5.68,9.96,74.9,3,-5,0.7816,1
-7.08,9.75,29.2,2,-2,0.4367,0
-7.19,6.5,50.7,1,0,0.604,1
9.11,2.0,56.5,5,-3,0.011,0
6.07,6.8,49.5,1,0,0.0069,0
1.48,0.72,29.7,1,0,0.0568,0
-6.04,0.31,53.5,1,0,0.726,1
1.83,2.58,80.1,3,-5,0.3856,0
1.47,4.63,25.7,1,0,0.029,0
-4.54,8.68,26.4,3,-5,0.3908,0
0.68,7.27,48.4,5,-3,0.1034,0
-0.03,7.43,95.3,3,-5,0.5016,1
4.32,4.25,73.5,5,-3,0.0824,0
4.7,3.46,74.3,5,-3,0.0817,0
-7.09,3.71,49.0,3,-5,0.8807,1
-0.51,9.88,67.5,2,-2,0.1477,0
4.52,0.4,20.8,4,-7,0.0763,0
2.06,8.67,70.9,1,0,0.0475,0
9.13,5.79,93.1,4,-7,0.0485,0
5.17,4.39,69.0,1,0,0.0252,0
-4.74,7.25,89.9,1,0,0.6238,1
-6.59,4.87,77.9,5,-3,0.88,1
4.85,8.73,29.6,1,0,0.0047,0
-7.47,9.01,92.2,1,0,0.8026,1
3.72,4.22,25.3,3,-5,0.0426,0
10.8,2.77,62.7,4,-7,0.0162,0
3.51,5.92,31.4,3,-5,0.0431,0
-0.24,9.12,20.9,1,0,0.0255,0
4.87,2.11,53.8,5,-3,0.0521,0
1.17,6.23,43.6,3,-5,0.1365,0
2.91,6.32,58.9,3,-5,0.1096,0
10.83,7.33,66.2,2,-2,0.0026,0
-0.28,1.32,23.5,1,0,0.0846,0
11.22,7.16,29.8,5,-3,0.001,0
10.11,9.09,64.7,3,-5,0.0054,0
-4.08,1.8,47.5,3,-5,0.7383,1
-6.61,2.38,78.3,5,-3,0.9158,1
-5.98,9.71,72.2,1,0,0.5254,1
-7.64,1.81,87.6,2,-2,0.9485,1
-6.11,8.54,75.4,3,-5,0.8422,1
5.66,4.92,54.4,2,-2,0.0204,0
-6.58,2.47,73.8,4,-7,0.9618,1
-1.62,8.71,42.0,1,0,0.0833,0
8.9,4.45,44.5,4,-7,0.0156,0
-7.53,5.15,83.1,4,-7,0.9702,1
8.29,3.59,55.7,4,-7,0.0313,0
-2.36,5.93,83.9,1,0,0.3945,0
-5.64,1.64,85.8,1,0,0.8298,1
5.93,3.91,88.6,5,-3,0.0724,0
4.58,9.69,93.3,2,-2,0.048,0
9.55,2.58,54.5,2,-2,0.0062,0
6.7,6.57,45.5,5,-3,0.0105,0
8.07,3.25,66.6,5,-3,0.0186,0
-2.36,7.73,49.7,4,-7,0.5064,1
-4.45,1.31,68.1,5,-3,0.7984,1
7.01,9.7,76.4,3,-5,0.0237,0
8.14,4.54,75.1,2,-2,0.015,0
11.81,2.36,50.0,5,-3,0.0029,0
0.25,0.73,33.3,3,-5,0.2768,0
-0.56,1.7,54.4,3,-5,0.4628,0
7.53,5.2,31.4,3,-5,0.01,0
-1.18,3.37,91.2,3,-5,0.7216,1
10.62,8.29,47.7,4,-7,0.0049,0
9.17,4.31,32.4,3,-5,0.0061,0
0.58,2.49,22.0,4,-7,0.2323,0
7.02,6.17,71.7,4,-7,0.0556,0
7.09,7.07,71.0,3,-5,0.0288,0
-5.94,1.67,47.2,2,-2,0.7391,1
10.05,1.68,25.7,3,-5,0.0052,0
2.11,0.37,52.8,3,-5,0.2563,0
8.53,7.36,44.9,3,-5,0.0073,0
-1.6,6.64,74.2,2,-2,0.3475,0
9.91,4.75,68.5,1,0,0.0036,0
-0.22,8.44,49.2,1,0,0.0629,0
-7.78,8.06,37.4,4,-7,0.8551,1
10.11,5.85,99.0,4,-7,0.0391,0
-6.17,8.68,56.3,2,-2,0.5878,1
-1.61,2.06,75.1,5,-3,0.5837,1
11.0,1.12,31.2,1,0,0.0013,0
11.01,2.7,58.8,4,-7,0.0135,0
3.47,0.57,22.2,1,0,0.0217,0
4.64,5.31,60.4,2,-2,0.0342,0
0.97,9.37,97.1,2,-2,0.2009,0
-2.14,0.39,50.7,5,-3,0.5171,1
-1.43,1.22,23.1,5,-3,0.2372,0
5.45,4.52,22.5,2,-2,0.0092,0
7.05,9.34,51.0,4,-7,0.0191,0
7.83,3.16,32.8,1,0,0.0036,0
7.79,5.07,21.9,3,-5,0.0069,0
-6.18,0.42,80.5,5,-3,0.9292,1
1.89,1.48,56.7,3,-5,0.2637,0
-6.85,9.87,43.1,4,-7,0.7863,1
2.99,9.65,92.0,5,-3,0.1059,0
0.83,0.05,29.3,3,-5,0.2296,0
9.75,9.52,96.5,4,-7,0.0245,0
-0.98,6.39,45.1,1,0,0.0985,0
-5.66,8.68,91.1,4,-7,0.9202,1
-5.14,4.55,68.2,5,-3,0.7631,1
7.23,5.16,86.1,2,-2,0.027,0
4.36,4.89,98.7,1,0,0.0747,0
-5.98,6.67,43.1,3,-5,0.718,1
-6.32,1.4,96.9,5,-3,0.9514,1
6.02,0.3,51.2,2,-2,0.0318,0
-6.54,3.08,50.8,4,-7,0.9189,1
8.44,7.05,47.2,2,-2,0.004,0
6.12,2.02,63.3,5,-3,0.043,0
-6.37,6.73,32.3,5,-3,0.564,1
-6.3,9.7,64.3,2,-2,0.621,1
11.73,0.94,63.3,4,-7,0.015,0
-0.51,6.73,81.0,2,-2,0.2941,0
-0.59,4.44,86.7,5,-3,0.4803,0
8.26,8.68,55.2,5,-3,0.0055,0
10.94,1.77,44.2,3,-5,0.0063,0
11.72,6.93,40.7,3,-5,0.0019,0
7.07,8.38,35.6,1,0,0.0024,0
-0.47,9.45,24.6,5,-3,0.0606,0
-6.33,6.83,47.4,3,-5,0.7649,1
7.54,4.97,41.6,2,-2,0.0066,0
3.17,6.18,97.3,4,-7,0.3715,0
0.48,8.69,64.6,2,-2,0.1133,0
10.13,5.71,47.8,4,-7,0.0088,0
-5.78,0.3,66.4,3,-5,0.9248,1
1.85,9.31,31.1,1,0,0.0147,0
-7.77,6.9,55.5,2,-2,0.7752,1
1.37,6.77,70.1,2,-2,0.1234,0
-6.87,2.16,59.1,2,-2,0.8451,1
-5.62,6.59,52.1,4,-7,0.8281,1
-5.65,3.94,99.5,3,-5,0.948,1
4.98,6.51,90.4,2,-2,0.0597,0
6.92,1.07,69.9,2,-2,0.0345,0
3.67,6.58,65.6,1,0,0.0297,0
11.24,9.99,69.7,1,0,0.001,0
-0.5,0.48,36.1,3,-5,0.3684,0
-2.29,9.77,51.6,3,-5,0.3205,0
9.37,4.07,23.2,5,-3,0.0027,0
-3.53,8.71,58.0,1,0,0.2397,0
11.26,7.82,63.4,5,-3,0.0024,0
-7.76,5.67,38.2,4,-7,0.8956,1
11.4,7.38,97.1,5,-3,0.0067,0
-7.14,8.79,92.8,2,-2,0.8607,1
9.82,4.04,77.8,5,-3,0.0115,0
2.55,3.27,62.7,3,-5,0.2011,0
11.86,6.68,89.6,4,-7,0.0133,0
-6.52,8.08,30.5,2,-2,0.4529,0
3.08,7.62,83.2,5,-3,0.1063,0
11.39,7.98,30.0,4,-7,0.0022,0
2.46,4.36,83.5,4,-7,0.4054,0
4.59,8.18,42.1,2,-2,0.0134,0
5.91,1.2,90.2,5,-3,0.1103,0
1.09,5.44,95.5,4,-7,0.5898,1
4.55,0.06,31.9,4,-7,0.107,0
3.69,3.25,57.0,1,0,0.0372,0
10.02,3.66,98.5,4,-7,0.0546,0
-7.09,3.96,58.7,1,0,0.7316,1
-2.38,6.95,89.1,5,-3,0.5824,1
11.01,3.89,67.1,5,-3,0.0054,0
9.81,4.49,50.0,5,-3,0.0047,0
1.11,2.38,42.9,3,-5,0.2203,0
4.4,3.73,36.3,5,-3,0.0299,0
-2.45,2.27,80.9,4,-7,0.8601,1
-4.24,0.73,50.9,2,-2,0.6487,1
1.27,6.03,60.9,1,0,0.0701,0
-0.93,6.68,59.4,3,-5,0.3548,0
3.67,6.19,66.2,5,-3,0.0653,0
-6.45,4.63,89.2,5,-3,0.9098,1
11.49,3.8,98.5,2,-2,0.0089,0
11.72,8.63,52.6,2,-2,0.001,0
5.96,5.19,86.2,3,-5,0.089,0
2.72,4.79,81.2,1,0,0.0855,0
-1.81,0.26,65.9,5,-3,0.6016,1
8.28,3.41,96.5,3,-5,0.0643,0
5.69,3.8,36.0,4,-7,0.0467,0
-4.75,3.99,28.7,4,-7,0.7135,1
10.22,5.8,88.3,3,-5,0.017,0
8.45,5.34,55.1,5,-3,0.0083,0
11.0,6.08,87.8,3,-5,0.0118,0
6.51,7.65,91.4,5,-3,0.037,0
4.27,8.13,25.0,2,-2,0.0092,0
0.36,7.18,90.7,3,-5,0.4378,0
10.65,9.56,55.9,5,-3,0.0019,0
9.32,0.18,60.8,3,-5,0.0246,0
-7.1,1.96,70.1,3,-5,0.9478,1
-7.47,0.08,94.1,5,-3,0.9721,1
-0.47,6.47,21.5,5,-3,0.0841,0
8.21,8.98,58.1,1,0,0.0028,0
11.75,2.43,75.0,3,-5,0.0103,0
-4.99,9.27,77.8,4,-7,0.8442,1
3.88,0.6,75.4,3,-5,0.2442,0
-0.38,9.34,30.8,3,-5,0.1116,0
11.4,3.52,44.0,5,-3,0.0024,0
8.84,1.01,48.7,3,-5,0.0184,0
8.77,4.86,84.4,3,-5,0.0306,0
1.37,2.57,42.3,4,-7,0.2861,0
0.3,2.85,36.9,5,-3,0.1557,0
-2.53,3.07,96.6,3,-5,0.8455,1
-6.87,8.03,20.7,2,-2,0.4169,0
9.29,5.39,99.8,1,0,0.0107,0
8.26,3.11,74.1,4,-7,0.0575,0
11.99,6.1,86.3,3,-5,0.0076,0
11.93,7.16,43.6,2,-2,0.0009,0
3.11,2.73,21.1,3,-5,0.0589,0
7.38,4.14,79.0,3,-5,0.0496,0
10.9,1.22,86.7,5,-3,0.0149,0
8.99,1.81,79.2,5,-3,0.0232,0
-3.05,6.81,31.4,5,-3,0.248,0
1.01,1.81,80.3,2,-2,0.3172,0
-5.42,5.25,81.5,3,-5,0.8885,1
11.08,7.09,72.7,1,0,0.0018,0
4.12,1.07,81.3,4,-7,0.3499,0
-3.43,5.67,87.7,5,-3,0.7115,1
5.43,2.57,69.1,5,-3,0.061,0
4.36,9.63,27.1,3,-5,0.0159,0
-0.84,4.84,59.0,3,-5,0.4085,0
-5.73,8.06,26.2,2,-2,0.3473,0
5.43,5.5,52.6,2,-2,0.0195,0
2.41,0.43,52.6,5,-3,0.1544,0
7.45,6.33,25.3,3,-5,0.0072,0
2.4,9.51,47.9,1,0,0.0189,0
9.04,6.02,28.9,4,-7,0.0074,0
3.04,8.19,84.7,3,-5,0.1606,0
3.22,8.84,95.8,3,-5,0.1839,0
9.53,2.28,25.8,2,-2,0.0028,0
0.07,2.12,96.4,4,-7,0.7852,1
-5.32,6.11,61.8,5,-3,0.6933,1
-7.42,4.11,44.0,3,-5,0.8723,1
7.1,8.4,26.1,5,-3,0.0038,0
4.41,9.0,60.0,3,-5,0.0446,0
6.08,3.53,83.6,5,-3,0.0628,0
-3.74,2.37,76.6,4,-7,0.8992,1
-5.27,7.81,24.0,2,-2,0.3008,0
-7.71,2.75,25.8,4,-7,0.8998,1
-0.99,8.23,52.2,1,0,0.0934,0
3.8,4.24,43.6,2,-2,0.034,0
-0.16,6.68,38.6,4,-7,0.2631,0
0.75,0.96,42.5,1,0,0.1026,0
10.08,6.24,84.3,3,-5,0.0149,0
-1.03,4.52,94.3,3,-5,0.6927,1
2.28,5.87,52.4,5,-3,0.078,0
7.67,1.68,92.5,2,-2,0.0454,0
-0.07,7.37,45.7,3,-5,0.189,0
4.44,8.63,58.1,2,-2,0.0213,0
9.25,2.17,38.1,3,-5,0.0096,0
10.99,0.96,71.2,5,-3,0.0094,0
-5.06,0.24,98.3,4,-7,0.9756,1
10.53,6.42,68.3,5,-3,0.0046,0
1.84,6.07,48.6,1,0,0.0396,0
-2.84,5.47,71.8,3,-5,0.6725,1
1.18,2.32,29.8,1,0,0.0509,0
11.6,3.91,91.1,1,0,0.0041,0
1.85,5.94,60.2,2,-2,0.0891,0
-1.42,4.97,55.9,3,-5,0.4377,0
4.67,9.88,66.9,1,0,0.0128,0
-3.2,1.36,70.0,4,-7,0.8728,1
-6.48,6.95,25.7,1,0,0.3364,0
-5.42,4.04,74.6,4,-7,0.9276,1
-5.44,4.28,39.4,2,-2,0.5538,1
-4.96,7.18,77.1,1,0,0.5548,1
-5.22,6.92,85.8,5,-3,0.798,1
4.82,9.91,84.3,2,-2,0.0328,0
-4.36,1.28,64.2,4,-7,0.9027,1
-1.09,1.04,61.6,2,-2,0.4081,0
9.94,7.24,31.4,1,0,0.0008,0
1.48,5.78,82.0,3,-5,0.321,0
5.35,2.74,41.7,3,-5,0.0452,0
-4.55,0.79,59.7,4,-7,0.904,1
-4.15,0.86,42.7,4,-7,0.8266,1
-7.18,8.94,30.7,3,-5,0.6686,1
-4.62,1.92,70.4,4,-7,0.9185,1
-2.43,3.23,24.3,2,-2,0.217,0
-4.46,2.27,79.9,5,-3,0.8307,1
-6.23,3.55,45.4,5,-3,0.7449,1
-5.59,0.69,20.0,2,-2,0.5579,1
1.22,5.19,60.9,5,-3,0.1558,0
-3.87,0.68,23.7,1,0,0.3009,0
-0.71,8.0,42.1,2,-2,0.1041,0
2.07,2.34,76.6,4,-7,0.4673,0
5.81,5.4,25.0,2,-2,0.0075,0
-7.21,8.8,87.1,3,-5,0.9189,1
7.99,6.51,20.3,4,-7,0.0081,0
4.56,5.33,39.7,3,-5,0.0398,0
-6.36,3.24,79.3,4,-7,0.9603,1
9.47,3.33,45.3,5,-3,0.0056,0
10.42,6.69,28.2,2,-2,0.0011,0
-6.78,9.94,48.8,1,0,0.4219,0
-2.46,6.62,41.6,4,-7,0.4973,0
8.12,5.58,87.4,4,-7,0.0622,0
6.97,7.31,45.1,3,-5,0.0136,0
-4.31,4.65,83.1,5,-3,0.7807,1
-3.81,0.6,91.3,3,-5,0.9186,1
-0.59,5.62,54.7,3,-5,0.3283,0
1.69,9.58,92.8,5,-3,0.1709,0
4.37,1.75,50.2,1,0,0.0292,0
-0.62,6.9,97.1,3,-5,0.5929,1
1.25,2.01,27.1,3,-5,0.1495,0
6.95,5.36,75.0,4,-7,0.0702,0
-7.27,0.97,59.5,5,-3,0.9087,1
-2.95,4.5,51.0,2,-2,0.3858,0
6.27,7.56,70.6,1,0,0.0107,0
9.9,3.48,76.3,1,0,0.0055,0
2.23,6.65,20.3,5,-3,0.0285,0
2.64,7.95,33.4,4,-7,0.0761,0
-5.86,9.27,77.0,4,-7,0.8822,1
0.95,2.35,73.3,5,-3,0.3136,0
2.65,3.99,97.3,4,-7,0.5026,1
-3.15,1.52,80.9,1,0,0.6128,1
-2.62,9.92,96.1,1,0,0.3642,0
-0.45,9.27,76.2,2,-2,0.194,0
-7.6,5.4,43.8,5,-3,0.7848,1
-1.56,8.42,28.4,3,-5,0.177,0
-3.77,5.21,82.5,3,-5,0.8102,1
-1.45,6.24,71.5,2,-2,0.3294,0
-5.6,0.89,23.9,2,-2,0.5802,1
9.81,7.55,48.8,4,-7,0.0078,0
3.87,1.28,96.5,2,-2,0.2067,0
5.58,8.26,60.0,2,-2,0.0152,0
7.78,7.82,54.6,3,-5,0.0122,0
1.97,7.09,56.6,4,-7,0.1973,0
-6.26,0.36,36.7,2,-2,0.741,1
2.74,3.03,49.5,2,-2,0.0714,0
3.74,2.63,49.6,4,-7,0.1608,0
6.91,3.6,24.2,5,-3,0.0079,0
0.63,0.88,81.4,4,-7,0.6917,1
-5.45,9.37,53.3,3,-5,0.651,1
-2.32,5.54,85.8,5,-3,0.6037,1
-0.74,3.06,88.0,1,0,0.3722,0
4.92,3.97,37.0,4,-7,0.0628,0
3.42,4.47,72.6,3,-5,0.1665,0
-0.88,6.01,57.8,5,-3,0.2563,0
11.73,5.16,90.4,4,-7,0.0179,0
4.12,9.19,37.3,2,-2,0.012,0
-3.26,4.97,74.2,4,-7,0.8227,1
-5.96,9.92,68.6,1,0,0.4885,0
-4.94,8.51,43.6,4,-7,0.6808,1
-3.08,2.09,30.9,5,-3,0.4002,0
-4.79,9.31,72.1,5,-3,0.6065,1
-4.27,1.16,79.1,4,-7,0.9344,1
-2.3,8.17,45.3,5,-3,0.2321,0
-4.53,3.81,71.6,2,-2,0.7086,1
9.94,8.78,51.6,4,-7,0.0067,0
-6.4,8.68,77.1,2,-2,0.7448,1
2.49,8.06,35.9,2,-2,0.0259,0
0.21,7.9,91.2,3,-5,0.4297,0
11.65,3.05,43.0,4,-7,0.0062,0
-5.76,0.81,49.4,5,-3,0.8045,1
-0.04,4.03,24.6,2,-2,0.087,0
11.39,1.74,28.9,3,-5,0.0033,0
9.31,6.95,61.3,4,-7,0.0151,0
8.34,3.46,41.4,4,-7,0.0206,0
-2.84,9.76,86.8,1,0,0.3265,0
-4.58,6.41,21.2,1,0,0.1834,0
5.37,8.22,50.3,2,-2,0.0125,0
10.59,1.33,47.0,1,0,0.0024,0
3.14,8.62,21.5,2,-2,0.0121,0
3.43,9.23,29.9,5,-3,0.0162,0
-2.4,4.87,53.1,2,-2,0.3368,0
7.39,6.06,59.4,1,0,0.0062,0
-4.26,7.65,52.3,5,-3,0.4689,0
-1.53,1.75,62.5,1,0,0.3153,0
0.51,5.03,67.6,2,-2,0.193,0
2.15,3.99,20.8,3,-5,0.0701,0
-3.15,1.46,57.1,4,-7,0.8182,1
-5.7,3.68,97.1,1,0,0.8377,1
4.21,0.68,61.5,2,-2,0.0801,0
-2.23,0.26,74.2,5,-3,0.6961,1
3.62,1.35,44.9,1,0,0.0355,0
-4.91,9.63,81.9,1,0,0.4941,0
1.62,5.5,81.8,4,-7,0.4332,0
2.65,9.66,61.7,2,-2,0.0408,0
-6.96,4.32,98.1,3,-5,0.9654,1
-1.27,3.12,30.0,5,-3,0.2125,0
-5.31,5.06,21.4,2,-2,0.3792,0
-6.73,4.4,81.6,5,-3,0.9029,1
11.8,1.06,84.6,1,0,0.0048,0
-1.55,6.41,29.6,4,-7,0.331,0
8.2,2.16,41.2,4,-7,0.0261,0
-2.91,6.2,21.4,3,-5,0.2944,0
5.63,6.5,43.5,4,-7,0.0402,0
7.2,1.52,81.9,1,0,0.0253,0
3.91,0.61,61.4,3,-5,0.1731,0
1.43,7.81,47.8,2,-2,0.0568,0
0.24,4.6,49.7,4,-7,0.367,0
-1.02,0.58,20.1,3,-5,0.3045,0
10.59,9.95,44.0,1,0,0.0006,0
8.61,0.58,71.7,5,-3,0.0258,0
11.3,6.95,97.9,5,-3,0.0076,0
-5.51,9.84,87.8,1,0,0.5895,1
6.62,2.39,21.9,1,0,0.0047,0
10.77,1.42,91.9,5,-3,0.0177,0
-4.38,1.21,82.7,3,-5,0.909,1
-6.67,3.03,82.4,5,-3,0.9195,1
6.82,1.01,56.6,1,0,0.015,0
3.49,6.92,51.8,4,-7,0.1062,0
8.84,0.62,44.2,2,-2,0.0081,0
-5.2,5.09,25.3,4,-7,0.6954,1
7.91,9.97,38.3,4,-7,0.0085,0
-3.97,8.14,39.7,1,0,0.1912,0
-4.73,6.15,58.7,5,-3,0.6179,1
-4.71,3.06,79.8,3,-5,0.8879,1
8.29,6.24,57.9,4,-7,0.0226,0
5.3,5.27,24.6,5,-3,0.0119,0
2.46,4.26,96.6,3,-5,0.3834,0
-0.82,1.31,95.4,4,-7,0.8511,1
9.54,8.87,82.8,3,-5,0.012,0
-0.15,4.5,99.3,5,-3,0.5285,1
8.33,1.95,63.6,2,-2,0.0145,0
0.78,3.68,97.0,5,-3,0.4492,0
-0.46,4.14,26.0,1,0,0.0656,0
1.25,8.28,49.3,3,-5,0.1178,0
-1.97,7.34,38.0,2,-2,0.158,0
6.95,7.69,35.7,3,-5,0.0098,0
2.05,0.11,31.3,3,-5,0.1614,0
-3.36,4.16,69.8,4,-7,0.8269,1
9.99,4.81,82.5,1,0,0.0053,0
-0.32,0.19,66.3,3,-5,0.5838,1
2.87,2.6,31.8,5,-3,0.0555,0
10.13,7.6,84.9,5,-3,0.0074,0
4.48,1.37,70.9,4,-7,0.2459,0
-5.66,5.35,51.1,1,0,0.4986,0
10.8,2.15,73.9,1,0,0.0044,0
4.55,0.12,40.8,5,-3,0.054,0
-1.3,2.41,47.6,2,-2,0.2863,0
-5.21,9.76,93.4,4,-7,0.8977,1
7.88,8.02,43.2,4,-7,0.0133,0
4.4,9.6,57.6,5,-3,0.0236,0
2.67,4.88,91.2,5,-3,0.2118,0
9.88,1.1,76.6,2,-2,0.0131,0
7.77,5.48,25.0,2,-2,0.0034,0
-4.97,4.54,31.8,1,0,0.3232,0
-1.77,8.44,20.6,4,-7,0.2333,0
-3.03,0.98,70.5,4,-7,0.8732,1
6.88,4.88,55.8,5,-3,0.017,0
-7.33,1.5,30.7,1,0,0.652,1
3.4,3.25,96.6,4,-7,0.4503,0
7.25,7.37,62.4,1,0,0.0059,0
9.54,4.76,39.4,1,0,0.0017,0
-1.16,3.76,60.0,5,-3,0.3659,0
8.43,3.94,74.4,1,0,0.0087,0
-5.79,4.59,26.1,2,-2,0.4776,0
8.93,7.85,42.0,2,-2,0.0025,0
-5.45,8.92,84.6,3,-5,0.8362,1
-0.05,9.55,56.8,5,-3,0.1236,0
7.95,7.87,63.7,3,-5,0.0148,0
-5.0,3.15,54.6,2,-2,0.6605,1
-3.41,6.88,23.5,3,-5,0.3289,0
6.45,4.38,33.3,5,-3,0.0111,0
6.4,2.55,55.6,5,-3,0.0286,0
4.82,8.41,36.7,1,0,0.0061,0
5.88,0.38,24.0,4,-7,0.0503,0
2.85,9.02,87.5,1,0,0.0538,0
-2.96,4.61,98.5,5,-3,0.7681,1
-1.09,6.37,83.5,2,-2,0.3741,0
-4.37,6.59,88.3,2,-2,0.7127,1
10.17,8.95,39.4,1,0,0.0007,0
3.67,6.37,96.9,5,-3,0.146,0
0.02,6.14,35.8,2,-2,0.0867,0
1.24,0.67,96.1,5,-3,0.5091,1
10.95,5.18,99.6,2,-2,0.0093,0
-4.93,1.5,76.9,5,-3,0.8586,1
3.72,7.37,98.5,3,-5,0.1996,0
2.12,5.12,65.6,5,-3,0.1303,0
4.23,6.8,40.8,5,-3,0.0232,0
-7.64,0.42,55.0,1,0,0.8379,1
9.44,0.85,67.5,3,-5,0.0259,0
10.64,7.16,25.8,4,-7,0.003,0
3.3,0.72,69.8,1,0,0.0883,0
5.93,0.71,98.5,4,-7,0.3157,0
10.45,0.12,35.2,2,-2,0.0035,0
6.14,9.57,83.4,4,-7,0.0666,0
-4.95,7.38,92.6,5,-3,0.8023,1
3.53,3.53,95.5,4,-7,0.4191,0
4.13,2.97,96.8,1,0,0.1003,0
0.48,3.5,61.7,1,0,0.134,0
6.73,7.75,98.2,4,-7,0.1035,0
10.69,6.61,80.6,1,0,0.0029,0
10.51,1.85,32.9,1,0,0.0015,0
1.02,1.74,58.2,4,-7,0.4569,0
-5.74,0.98,77.5,3,-5,0.9384,1
11.7,6.6,39.8,3,-5,0.002,0
8.78,7.64,71.2,2,-2,0.0065,0
-5.51,2.65,73.3,1,0,0.7321,1
10.42,0.21,33.0,4,-7,0.0114,0
9.4,0.82,65.2,1,0,0.0072,0
2.38,9.68,81.7,5,-3,0.0995,0
3.83,2.95,59.9,1,0,0.04,0
-0.02,7.69,21.0,1,0,0.0289,0
-6.9,6.25,20.7,3,-5,0.6667,1
-1.3,3.82,48.6,4,-7,0.5387,1
8.06,2.06,94.1,1,0,0.0239,0
-7.91,1.21,38.3,3,-5,0.9154,1
-1.33,6.15,70.7,2,-2,0.3166,0
-0.04,7.75,37.8,3,-5,0.1465,0
2.75,6.44,45.7,3,-5,0.0798,0
10.4,5.3,87.8,3,-5,0.0168,0
-1.07,0.42,78.3,1,0,0.429,0
-1.06,9.68,27.6,1,0,0.0392,0
6.75,7.99,54.3,2,-2,0.0084,0
1.04,2.93,22.3,5,-3,0.0804,0
-3.51,9.8,58.5,5,-3,0.3633,0
1.05,6.02,73.0,5,-3,0.2005,0
-5.18,5.82,29.5,2,-2,0.3975,0
-4.47,7.48,43.1,5,-3,0.4278,0
1.97,8.12,51.8,5,-3,0.0629,0
0.38,6.56,93.6,3,-5,0.4805,0
10.3,1.28,99.5,1,0,0.013,0
-0.75,3.38,23.6,1,0,0.0759,0
3.61,9.28,80.9,3,-5,0.1035,0
4.65,2.25,49.7,3,-5,0.079,0
-7.74,3.72,51.4,3,-5,0.9113,1
5.27,4.32,80.3,1,0,0.034,0
-4.44,4.39,93.5,5,-3,0.8419,1
11.22,6.13,96.1,3,-5,0.0137,0
-5.03,9.43,66.2,2,-2,0.5209,1
0.29,2.41,48.6,3,-5,0.3166,0
-6.29,1.22,83.0,4,-7,0.9727,1
11.94,1.97,40.1,3,-5,0.0036,0
2.04,8.87,65.1,1,0,0.0394,0
3.91,6.46,48.7,3,-5,0.0561,0
-6.66,2.86,72.5,4,-7,0.9593,1
7.0,8.16,39.2,2,-2,0.0047,0
-3.8,8.61,35.3,5,-3,0.2764,0
9.96,8.47,93.5,3,-5,0.0148,0
-3.9,9.19,28.1,4,-7,0.4439,0
-4.19,2.52,60.5,4,-7,0.8656,1
-7.27,7.55,37.7,2,-2,0.6002,1
1.44,4.61,23.1,1,0,0.0273,0
3.3,8.42,22.9,3,-5,0.0254,0
-6.69,7.28,34.0,4,-7,0.7948,1
7.51,7.76,89.3,2,-2,0.0182,0
1.07,6.56,42.6,5,-3,0.0844,0
2.49,1.77,96.0,4,-7,0.5911,1
0.82,5.45,66.5,2,-2,0.161,0
0.02,9.85,54.9,1,0,0.0553,0
3.19,9.37,66.4,1,0,0.0244,0
-4.9,0.43,61.3,4,-7,0.923,1
-4.36,1.65,80.7,4,-7,0.9351,1
9.24,1.32,42.6,3,-5,0.0125,0
10.92,7.26,48.2,2,-2,0.0015,0
-0.53,8.18,91.5,4,-7,0.6177,1
-2.59,2.14,95.7,3,-5,0.8625,1
4.88,5.06,91.4,3,-5,0.152,0
0.17,8.41,53.6,4,-7,0.2746,0
-7.49,7.33,82.4,1,0,0.7971,1
-4.88,5.42,58.1,2,-2,0.5944,1
6.32,5.9,59.8,2,-2,0.016,0
5.18,5.08,36.4,1,0,0.0086,0
-7.46,2.98,67.3,4,-7,0.9646,1
-3.56,5.65,34.9,2,-2,0.2939,0
-3.38,6.89,46.5,4,-7,0.6138,1
5.44,8.73,88.4,4,-7,0.1107,0
-7.61,6.36,36.6,3,-5,0.8081,1
-5.92,7.61,25.7,1,0,0.2685,0
8.0,1.6,25.5,4,-7,0.0194,0
-4.43,4.62,95.3,5,-3,0.844,1
5.05,0.09,60.6,1,0,0.0386,0
-3.24,2.47,52.8,2,-2,0.5024,1
-6.01,7.26,84.9,3,-5,0.8921,1
-3.14,9.92,86.9,2,-2,0.4688,0
6.45,0.99,46.6,2,-2,0.0212,0
9.11,4.01,75.5,1,0,0.0068,0
8.6,8.0,81.7,2,-2,0.0091,0
-0.06,2.04,72.4,4,-7,0.6548,1
5.36,5.55,32.1,2,-2,0.0108,0
-3.9,7.33,90.1,3,-5,0.8043,1
-2.14,6.16,63.1,3,-5,0.5187,1
9.93,1.88,42.6,5,-3,0.0053,0
-7.74,3.55,54.0,3,-5,0.9193,1
-6.29,7.84,23.0,2,-2,0.3846,0
-3.84,5.54,30.2,3,-5,0.4653,0
-7.47,0.05,81.2,1,0,0.9181,1
-4.37,7.61,20.0,3,-5,0.3674,0
3.66,0.35,53.3,4,-7,0.2373,0
0.43,7.46,61.8,1,0,0.0804,0
9.85,2.02,24.4,5,-3,0.0031,0
8.35,9.58,97.8,4,-7,0.0434,0
-1.16,3.68,38.1,2,-2,0.1908,0
-2.81,3.27,44.3,2,-2,0.3688,0
-0.41,1.49,44.3,2,-2,0.2261,0
3.81,3.06,38.4,4,-7,0.111,0
-2.64,8.77,20.1,4,-7,0.2877,0
4.48,9.96,78.3,4,-7,0.1009,0
0.19,3.68,97.3,1,0,0.3298,0
3.04,4.49,37.9,1,0,0.0229,0
0.72,7.22,73.0,2,-2,0.157,0
-2.11,8.86,79.4,3,-5,0.5367,1
10.97,5.93,87.9,2,-2,0.0058,0
7.27,3.92,53.8,5,-3,0.0158,0
-5.2,4.13,44.2,1,0,0.4468,0
9.37,6.96,46.0,4,-7,0.0094,0
1.75,0.03,77.0,1,0,0.1987,0
9.89,6.2,85.3,4,-7,0.0272,0
8.0,3.55,34.5,5,-3,0.0071,0
0.5,7.94,49.7,5,-3,0.1043,0
-7.55,0.93,92.2,1,0,0.9338,1
-2.63,5.88,84.5,4,-7,0.8108,1
2.83,4.81,98.8,5,-3,0.2424,0
4.67,6.42,80.3,2,-2,0.0511,0
-2.84,0.65,51.5,2,-2,0.5209,1
-5.21,5.8,67.3,4,-7,0.879,1
8.7,5.61,72.9,1,0,0.0059,0
11.69,5.61,26.3,5,-3,0.0009,0
2.51,6.03,63.6,1,0,0.0474,0
-4.57,6.76,76.7,2,-2,0.6491,1
-2.55,8.05,33.4,5,-3,0.1922,0
-7.63,2.7,82.5,1,0,0.893,1
10.29,8.25,66.7,3,-5,0.006,0
-5.64,4.98,96.2,4,-7,0.9587,1
3.53,0.77,23.4,4,-7,0.1115,0
-2.52,0.59,41.2,3,-5,0.6,1
3.08,3.34,68.1,2,-2,0.1007,0
5.03,7.85,43.7,5,-3,0.0159,0
8.59,7.08,77.2,4,-7,0.0313,0
-3.87,7.89,80.7,3,-5,0.738,1
-7.78,5.17,28.2,3,-5,0.8073,1
-5.26,4.4,61.1,2,-2,0.685,1
10.0,1.47,60.7,2,-2,0.0074,0
9.48,3.28,49.5,1,0,0.003,0
3.95,4.34,94.6,4,-7,0.3446,0
4.01,0.89,86.2,1,0,0.1042,0
5.3,2.21,75.8,3,-5,0.127,0
-4.49,5.98,77.1,5,-3,0.7235,1
10.29,7.36,56.9,5,-3,0.0031,0
0.38,9.98,93.7,2,-2,0.2078,0
-0.34,9.33,75.6,5,-3,0.2235,0
2.38,6.43,78.3,5,-3,0.1397,0
-7.06,4.21,88.9,5,-3,0.9315,1
-4.67,6.36,41.9,3,-5,0.6037,1
6.76,7.86,84.6,5,-3,0.0267,0
-6.34,1.18,35.6,5,-3,0.7644,1
4.06,4.1,47.6,5,-3,0.0447,0
-3.09,8.4,46.8,1,0,0.1652,0
-0.21,3.84,98.3,3,-5,0.6697,1
-2.23,5.72,88.5,2,-2,0.5471,1
-0.89,5.88,76.1,1,0,0.2239,0
6.38,1.84,78.2,4,-7,0.1503,0
-2.06,3.62,65.0,3,-5,0.618,1
3.33,3.35,95.8,3,-5,0.3295,0
1.52,0.26,59.7,4,-7,0.4735,0
5.27,0.24,50.4,4,-7,0.1322,0
10.74,8.32,33.0,4,-7,0.003,0
6.65,2.73,82.9,2,-2,0.0438,0
-3.7,5.18,78.8,5,-3,0.6936,1
-7.38,2.99,50.7,3,-5,0.9067,1
-2.75,9.41,22.0,5,-3,0.1299,0
3.9,2.59,87.1,5,-3,0.17,0
-6.97,4.3,20.9,4,-7,0.8205,1
1.93,8.73,76.3,2,-2,0.0917,0
3.94,8.42,97.6,1,0,0.0516,0
-1.32,1.86,55.0,2,-2,0.3541,0
7.42,8.03,38.8,5,-3,0.0052,0
-5.87,4.58,76.4,2,-2,0.8105,1
-6.5,4.83,85.4,4,-7,0.9604,1
6.56,1.33,63.7,1,0,0.0196,0
1.91,0.81,97.4,4,-7,0.6871,1
5.77,7.28,24.1,1,0,0.0034,0
0.7,4.96,60.4,5,-3,0.1882,0
-3.07,4.37,77.5,1,0,0.4744,0
8.38,7.3,89.0,1,0,0.0084,0
7.99,7.66,34.3,1,0,0.0018,0
5.89,1.59,84.0,2,-2,0.0708,0
-2.56,6.1,64.2,2,-2,0.3858,0
3.8,1.35,51.7,5,-3,0.0815,0
-0.78,7.51,30.5,1,0,0.0522,0
-6.17,6.57,89.2,3,-5,0.9175,1
10.35,9.57,32.6,5,-3,0.0011,0
-5.26,0.69,44.8,1,0,0.5853,1
11.0,0.57,43.2,1,0,0.002,0
0.92,2.82,89.7,2,-2,0.3543,0
